cpf_mutuario;numero_contrato;data_assinatura;valor_financiamento;taxa_juros;prazo_carencia
11113770571;112687;28/12/2023;32000.00;45.000;45
11614700267;148166;27/10/2023;56000.00;50.000;17
10120872530;126978;17/09/2023;93314.97;45.000;9
10685744905;178529;10/01/2020;59261.59;45.000;25
12103816602;156841;18/04/2020;86884.50;60.000;37
10308737397;120770;26/03/2021;33381.35;50.000;25
11602543621;173172;24/09/2021;54321.47;50.000;17
10018654750;116118;30/10/2021;20865.53;50.000;22
10514605854;170705;27/07/2020;54940.69;45.000;32
11092154668;171931;08/03/2022;21176.47;50.000;19
10545324734;139669;15/03/2023;55932.37;76.600;31
10816644730;150912;26/03/2023;88943.67;45.000;33
11978465790;156597;14/02/2023;72000.00;45.000;7
10097828246;178774;25/03/2024;87617.65;60.000;24
11759173122;170855;20/12/2021;64697.00;45.000;26
11847184104;129169;21/07/2023;70000.00;50.000;40
11239384066;105161;17/01/2020;69750.00;50.000;16
10372958317;101812;08/01/2024;54248.42;50.000;15
11760331271;170581;16/02/2023;53914.60;45.000;2
11265010998;159064;06/03/2021;62629.00;50.000;0
10386066687;191118;15/06/2023;31000.00;50.000;24
10876840655;128643;16/03/2020;78090.35;50.000;9
11267638884;150949;27/05/2024;67377.00;45.000;21
10607022507;106227;28/05/2021;69503.77;45.000;18
10796462826;173111;29/07/2020;54579.00;50.000;29
10937439423;142130;25/01/2023;99200.00;55.000;7
11984169959;133163;15/09/2021;71448.00;45.000;1
10733114743;144526;02/12/2022;59416.88;50.000;8
10442323043;175612;06/09/2022;23262.42;50.000;45
11195918300;149483;28/12/2021;69850.45;45.000;35
11395873588;155973;16/11/2020;58043.00;45.000;34
11013835630;150584;11/08/2021;74314.00;50.000;39
11436000931;186401;30/04/2021;50964.52;45.000;50
11422236164;193906;25/12/2023;49080.80;45.000;19
10745823011;120298;04/03/2022;57745.21;45.000;29
11715944334;198054;28/11/2021;72000.00;45.000;9
10230177077;163222;25/01/2023;66400.00;45.000;33
10786159418;196090;01/05/2022;37067.46;45.000;0
10750642511;170304;28/01/2022;36360.00;45.000;29
11065049755;171795;27/06/2022;64705.95;50.000;3
11094784606;170637;15/04/2021;93600.00;45.000;5
11670694608;115723;02/03/2022;58823.53;50.000;18
10876148492;185474;24/02/2024;54286.00;45.000;32
11880506718;126332;04/05/2024;87584.00;50.000;40
11259560143;128076;21/11/2021;70588.24;45.000;5
12104229932;111405;22/11/2023;72755.00;45.000;32
12060837925;148284;04/04/2022;42068.00;45.000;13
11350607724;182730;06/12/2022;42500.00;45.000;34
10214461646;127722;20/06/2022;66440.00;45.000;20
11994601369;121258;29/03/2024;45040.00;50.000;7
10176547572;122480;19/03/2024;85600.00;71.600;20
11723487720;171612;02/04/2023;39265.00;50.000;45
10085548260;192374;12/04/2021;83065.81;45.000;5
11920692385;143813;15/10/2023;45040.00;50.000;43
10192421830;112949;02/04/2020;76010.53;50.000;26
12041127815;173349;15/05/2020;62477.00;50.000;26
10636152212;178402;05/08/2023;95634.20;66.600;6
10481153132;107491;13/05/2024;114494.21;55.000;13
10362779206;115851;03/10/2020;83576.56;50.000;27
11887229250;147417;01/08/2022;57751.00;50.000;23
10163768763;140028;17/06/2023;50040.00;45.000;17
10604868321;176626;10/11/2022;66444.56;45.000;6
12029749923;155209;01/07/2021;57379.00;50.000;30
10470297601;138438;08/05/2020;97643.06;55.000;41
11596897232;152176;16/09/2020;89107.47;55.000;31
11605780909;149999;17/02/2022;108056.08;66.600;35
11615738965;122122;09/06/2022;31800.00;45.000;33
11344961327;153210;05/05/2021;55284.10;45.000;20
10379597313;141894;08/03/2020;44000.00;45.000;46
11651986688;186321;29/02/2024;33343.00;45.000;1
10606946049;154290;30/09/2020;57443.65;45.000;35
11410467485;170816;07/05/2024;76785.80;45.000;23
11071714378;194961;05/02/2020;99335.90;66.600;48
10802566646;181116;06/12/2023;72000.00;60.000;47
10601657249;172228;05/05/2024;76500.00;55.000;34
10012204173;123124;08/06/2023;53400.00;50.000;19
10350085359;181816;15/01/2022;71883.00;45.000;9
11604355785;147326;17/06/2022;42845.94;50.000;43
11868980931;111126;04/02/2022;47477.00;45.000;4
10147540659;187463;10/05/2023;109306.61;55.000;17
10604170601;137036;30/07/2020;125720.00;66.600;16
10407701792;185443;29/11/2022;15000.00;50.000;43
12045145044;121338;21/03/2020;101923.97;60.000;40
10845908165;190868;06/07/2021;49885.10;60.000;34
10692241267;169946;25/01/2021;76376.17;66.600;17
10375968670;198208;03/10/2023;39265.00;45.000;43
11833200382;141216;16/07/2020;90196.08;50.000;1
10867952088;112908;01/06/2020;48116.00;45.000;14
12090325514;171406;21/02/2020;61369.22;45.000;40
11129643163;144940;09/05/2022;85500.00;55.000;10
11280801490;140548;20/12/2020;57000.00;45.000;18
11837469595;198243;22/12/2023;89018.10;76.600;19
10608786610;185538;01/12/2023;39860.81;76.600;34
10863220543;106008;18/01/2021;88407.46;76.600;50
10874722469;160857;25/02/2023;87748.21;45.000;20
11091907414;178683;06/12/2021;62693.00;50.000;40
11717744007;127121;06/04/2021;81897.38;50.000;18
10479498058;198760;30/06/2021;73563.15;45.000;13
11515702400;143354;14/01/2023;85500.00;45.000;29
11254218204;128357;24/10/2023;39265.00;50.000;43
12000299782;180703;02/05/2021;100591.58;55.000;16
10577705232;157534;07/05/2021;98160.00;45.000;40
11798413258;123945;22/01/2021;55600.00;45.000;9
11688317947;194803;10/06/2023;94021.12;45.000;39
11525865982;115974;20/06/2021;65013.00;45.000;3
10961002255;192794;29/01/2023;81919.44;45.000;18
10560936927;173867;23/03/2020;69290.00;50.000;8
10848342391;130284;14/05/2024;88902.00;55.000;29
12141241254;163322;15/10/2020;86500.99;81.600;31
10804226295;143994;18/05/2023;88238.53;45.000;5
10309850189;145484;13/11/2023;81727.00;45.000;50
10965230431;162865;10/07/2023;62040.00;50.000;38
10224904716;104844;20/07/2023;89972.00;45.000;48
11639506048;107370;03/01/2023;23262.42;50.000;8
10498717395;122111;30/01/2023;71117.21;50.000;13
11312653922;111476;08/09/2022;40436.04;55.000;29
10789357496;194464;23/01/2023;65924.29;50.000;29
10925499018;150449;13/01/2022;74352.00;45.000;31
11260891294;157282;25/10/2023;34500.00;45.000;37
11329183127;191016;15/03/2021;52528.47;50.000;7
11585748013;117494;31/01/2021;49562.62;45.000;21
11014153941;157125;14/01/2022;79409.40;76.600;33
11400073926;119024;03/07/2021;69503.02;55.000;35
10126513964;197404;10/11/2020;86680.84;60.000;30
10896582833;160902;22/06/2020;83760.00;76.600;45
11762133999;122115;02/03/2023;86400.00;76.600;23
10506804898;142280;26/10/2023;92750.54;76.600;31
10751585309;145368;04/06/2022;85984.00;50.000;43
11339781092;190572;18/08/2021;22525.76;45.000;12
11730579310;178293;17/08/2022;86286.00;45.000;22
11060660681;143132;03/05/2020;97794.52;55.000;13
10758959089;141124;28/05/2021;93038.00;45.000;29
10003195973;147545;14/06/2023;72937.12;50.000;6
11571370694;196845;05/12/2022;93597.40;60.000;32
10235372296;131941;15/04/2021;83610.00;45.000;26
11602605830;108076;01/01/2022;23262.42;50.000;27
10923905561;106242;05/09/2020;67533.74;45.000;27
11733713135;111652;02/04/2022;85583.46;45.000;14
11928615823;199234;21/03/2023;63210.38;45.000;35
10894911824;107937;12/02/2023;71838.92;45.000;22
11061216341;172071;12/04/2022;71206.13;55.000;20
11440777043;163616;27/02/2023;66873.94;45.000;2
10545375180;153688;14/11/2023;54579.00;50.000;33
10051039697;165198;20/07/2023;54579.00;50.000;28
10521795743;168984;01/08/2023;97658.48;60.000;5
11815123600;155432;20/07/2023;73047.00;45.000;22
11639768358;197823;17/03/2021;58823.53;50.000;15
10486886134;131303;23/11/2022;71242.00;45.000;12
11430578304;117884;11/08/2020;72000.00;45.000;41
11840642632;137256;13/07/2020;51755.59;45.000;5
10474004740;114132;12/07/2022;84479.69;50.000;5
10323631196;179658;12/01/2020;82977.95;50.000;38
10407559009;139324;05/11/2020;67372.00;50.000;34
10213719744;165485;26/11/2022;67606.73;45.000;38
11779172439;156265;26/01/2022;95733.00;50.000;25
11488101509;105079;13/11/2021;66697.73;45.000;20
10163534542;152033;16/01/2020;91876.01;45.000;6
12060953665;108778;14/10/2022;100693.45;55.000;36
10158307424;114375;10/12/2020;75128.24;45.000;34
10865104713;197283;09/08/2021;40012.00;50.000;8
10815776022;180521;25/08/2022;23262.42;50.000;17
10784829940;178851;08/01/2022;103715.33;66.600;31
10852861823;150960;10/10/2023;75387.00;45.000;41
12028204057;169595;03/02/2022;88714.29;45.000;45
11367113294;162915;06/02/2020;118726.14;55.000;39
11842680671;151687;15/09/2021;110649.70;66.600;25
11987341920;139471;28/08/2022;89467.00;50.000;4
11644689363;175769;17/02/2021;94497.77;66.600;16
11893715349;155598;09/03/2022;106400.18;66.600;3
11122360542;145098;06/03/2024;63231.83;45.000;30
12053435582;177320;03/12/2020;68311.47;45.000;13
11640100175;136028;22/03/2024;57040.00;45.000;6
10541861041;117261;06/03/2023;50790.00;45.000;44
10715892484;152342;18/05/2023;71560.00;45.000;47
11142651922;107981;22/10/2020;80017.50;50.000;7
10083678906;174420;21/01/2024;75680.00;45.000;32
12092790458;134328;19/05/2022;59349.00;50.000;42
12066374258;164231;28/03/2021;59800.00;50.000;39
10009621814;134319;30/06/2021;99993.30;71.600;9
11886902898;183585;26/02/2021;40371.20;45.000;38
11174050245;110411;22/11/2020;62819.27;45.000;31
11984241978;125891;20/09/2022;39000.00;50.000;48
10809929816;137945;04/07/2021;69108.26;45.000;23
10997947496;129890;25/08/2020;70488.46;71.600;45
10951389998;167701;10/07/2023;65814.29;45.000;8
11630644579;141534;03/09/2023;58909.80;50.000;20
11555467336;155380;29/01/2024;92210.78;45.000;32
11689356686;176129;19/02/2024;52557.00;50.000;15
10085770726;174304;08/02/2022;62335.47;45.000;40
10841542048;164911;13/05/2024;59938.39;50.000;26
11830499189;141974;31/08/2023;77877.00;55.000;20
11060245953;162524;17/10/2023;74851.00;50.000;30
12060419779;102450;14/04/2021;99119.52;50.000;37
11370421431;141507;29/11/2022;89654.00;50.000;8
11611695690;103800;11/09/2023;45725.00;50.000;19
11515687598;154274;22/03/2023;62081.68;50.000;16
10756212917;105908;31/01/2021;70911.00;45.000;24
11661780473;136900;04/02/2023;52278.96;45.000;3
10888173768;120125;05/12/2021;63190.00;50.000;0
11095905591;196670;25/10/2021;90000.00;55.000;15
11324966877;142684;22/01/2023;46491.03;50.000;34
11111623347;122083;22/08/2022;101415.17;55.000;23
11859224587;140876;04/04/2020;64680.00;45.000;9
10970304959;141419;22/04/2021;74954.00;45.000;36
10905298757;101137;05/12/2023;47237.43;50.000;44
10405433370;189930;03/12/2020;72198.21;45.000;20
10953193276;131845;01/04/2024;24554.00;45.000;25
11030278029;170677;19/02/2023;71233.32;45.000;17
10035716108;118130;12/05/2021;72000.00;55.000;47
12071430922;131698;13/12/2021;102969.48;66.600;48
10807402377;139103;12/08/2021;66630.67;45.000;35
10288842573;142461;24/10/2020;67761.96;50.000;5
11458481375;185428;26/09/2022;83050.87;45.000;22
10349247380;166783;27/03/2023;72324.70;45.000;30
10985492464;115850;01/01/2022;79000.00;71.600;49
10186522032;133381;24/05/2021;84313.72;50.000;19
11685664630;107388;14/05/2023;102834.73;71.600;7
10089190818;163904;20/01/2020;32092.83;45.000;41
11796781845;139085;21/03/2024;78471.46;66.600;47
11847686120;157134;31/03/2021;74109.00;45.000;32
10290466578;191183;30/11/2023;65766.73;45.000;46
11985720926;126795;05/02/2024;66441.00;45.000;48
10197297022;134154;13/01/2023;39696.32;45.000;46
11680296932;180916;23/12/2021;74306.23;45.000;47
10930716632;135014;15/07/2021;31000.00;50.000;9
11025672292;142606;12/12/2021;140146.18;66.600;11
11055355427;127423;14/08/2023;116371.76;55.000;16
11229154036;147240;12/03/2024;118390.00;71.600;15
11917897428;197842;01/01/2024;67000.00;50.000;26
11250465526;141389;27/12/2020;110240.00;71.600;26
12115982297;187752;21/03/2021;71800.00;55.000;33
12113740954;106612;29/09/2020;67400.00;55.000;21
11073775370;100946;07/05/2021;70660.07;50.000;15
10801966592;137734;11/02/2020;72709.17;45.000;19
11095210237;188836;25/03/2020;65255.00;50.000;36
11800025575;112278;16/10/2020;67030.00;45.000;9
11647788908;112234;26/10/2021;67479.85;45.000;31
12030989355;195604;23/05/2020;67910.19;50.000;24
11133291155;128317;18/02/2023;89995.94;55.000;7
10637393971;142257;18/11/2023;62771.00;45.000;27
11207473482;107070;09/12/2023;59435.38;45.000;5
10613948488;132534;08/10/2023;77067.00;50.000;24
10412359431;153782;02/10/2022;52823.00;45.000;2
10906332672;149969;12/05/2024;59614.00;45.000;41
11748999647;136078;01/05/2020;60778.80;45.000;36
10847649571;180069;16/12/2022;65435.00;50.000;38
11553787014;110279;27/08/2022;63992.58;45.000;0
12057155627;132414;04/04/2023;75572.94;55.000;34
10716511375;109939;09/10/2021;68000.00;50.000;25
10826532095;167246;11/01/2022;30040.00;50.000;11
10329981803;142701;01/03/2021;98781.26;45.000;22
11490754927;191544;01/03/2021;90000.00;55.000;13
11681744095;131398;02/07/2022;50591.00;45.000;28
10254485884;109009;20/10/2023;67551.00;50.000;28
10506280354;189733;05/06/2022;43058.00;45.000;13
10588728534;175112;09/09/2023;99482.87;45.000;29
11648800144;102135;11/11/2021;86400.00;71.600;44
10570512239;151283;24/05/2023;89827.30;45.000;48
10838654482;181860;08/01/2021;61509.24;50.000;40
11435145672;120614;15/01/2024;33374.46;50.000;30
11946040076;148672;25/09/2021;44740.00;50.000;18
11323697918;198206;03/08/2022;49440.30;50.000;25
10643822802;173970;20/03/2024;57040.00;45.000;12
10780847634;129981;02/11/2023;46145.25;50.000;9
11295270070;104919;17/04/2024;87474.27;45.000;35
10071909110;198656;13/11/2022;79914.53;45.000;25
11013895564;106190;06/05/2024;60637.91;45.000;5
11491290226;190097;10/08/2022;50000.00;45.000;20
10260972472;139137;11/05/2020;38900.00;45.000;8
10170890018;174526;03/08/2020;55525.04;45.000;21
10765488733;171863;30/11/2023;80326.00;45.000;3
11587353149;113260;10/01/2023;64935.00;45.000;48
10949369499;196910;18/08/2020;76476.00;50.000;48
11774940582;179318;24/09/2022;107804.10;60.000;21
11497817787;188653;12/08/2023;99958.46;60.000;38
11426298554;159220;13/01/2022;79295.80;45.000;16
10269158692;171919;06/03/2020;102000.00;71.600;40
10806033432;141700;03/09/2020;63321.90;45.000;20
11883352334;161739;27/04/2020;53749.00;45.000;45
10747532745;105411;14/10/2023;103889.19;45.000;42
10465558118;111079;22/02/2024;66340.00;45.000;48
11318699678;108250;09/04/2022;130586.56;66.600;40
11046566842;185101;25/11/2023;99983.05;55.000;40
10573771186;193338;17/03/2021;61607.00;45.000;25
10861000301;143164;15/04/2024;57643.00;45.000;41
10548951875;155278;17/07/2021;66306.00;45.000;0
10698405171;121317;24/03/2024;65700.00;45.000;27
11278787191;188459;22/06/2021;91223.00;55.000;31
12022751956;163185;09/02/2021;66993.00;45.000;24
11473158530;114997;03/06/2023;61017.14;45.000;39
10755971293;117464;09/05/2021;70602.56;45.000;24
10531488045;135083;12/04/2023;61546.00;45.000;43
10718466638;172486;05/09/2022;99200.00;45.000;10
11550720077;176311;27/05/2024;64745.00;50.000;50
11572211998;139975;31/07/2020;103972.22;55.000;15
11780798892;146456;10/06/2023;59456.00;50.000;41
10912919813;180566;17/09/2021;57040.00;50.000;29
10753016260;144442;22/10/2020;101505.50;45.000;26
10064872803;108797;23/05/2022;52440.00;50.000;30
11409223601;139659;27/10/2023;77166.25;45.000;42
11245593474;196376;07/04/2021;81454.00;50.000;20
11047500304;170395;10/08/2023;47614.00;50.000;39
10845142706;166358;30/09/2023;56306.00;50.000;34
10270563851;101993;08/09/2020;48000.00;50.000;39
11266894514;147296;13/01/2020;93048.83;45.000;24
10117947566;188897;06/01/2024;33761.78;45.000;50
10946446676;132374;28/11/2021;36000.00;60.000;24
11047648457;120201;11/11/2022;67757.00;45.000;30
10323407887;147235;26/12/2020;44343.86;45.000;45
11310430949;146818;19/11/2020;87660.00;60.000;9
10851070374;101671;11/11/2020;84515.32;45.000;13
10755017399;114469;23/05/2020;67040.00;50.000;50
10436566411;136562;31/03/2020;62636.45;50.000;11
11100090698;116122;29/07/2022;53000.00;45.000;3
10663418759;180027;22/07/2021;58639.00;50.000;31
11340503634;125352;19/03/2024;80000.00;60.000;37
11234018995;105334;12/01/2023;69534.00;45.000;36
10073089748;104138;02/11/2021;67133.00;50.000;49
10852522160;174501;09/09/2022;80085.79;45.000;48
10240348350;158987;08/07/2020;92468.24;45.000;38
11289188617;186171;11/08/2020;63523.00;45.000;23
11029275315;164623;14/03/2022;62683.54;50.000;19
10048938694;144517;06/01/2022;73850.64;45.000;19
10243089770;150203;15/01/2023;59121.00;45.000;9
10789405897;184972;14/04/2023;69022.01;45.000;23
11101150105;116306;02/11/2021;88788.00;55.000;21
10215309195;129838;28/04/2022;57040.00;50.000;36
11291218516;193064;07/11/2023;90113.00;45.000;30
11151327335;153573;05/09/2022;23262.43;50.000;30
11657242521;163688;01/10/2021;43654.03;45.000;34
10926971855;112736;11/11/2022;52381.41;50.000;21
10869912797;104198;03/11/2020;53500.00;45.000;40
10222622773;159790;20/06/2020;74942.00;45.000;25
11203340721;170697;29/12/2022;44238.00;50.000;23
10100876547;132793;14/08/2021;75235.95;55.000;4
11074238273;161521;05/12/2021;55800.00;50.000;10
11866187324;141932;14/10/2022;55048.16;45.000;19
11065679071;124162;21/01/2020;42991.00;50.000;7
11449614122;198517;24/05/2022;81101.39;45.000;37
11544793894;109884;22/03/2021;67680.07;50.000;18
11479366875;178799;08/10/2023;89093.49;50.000;12
11575107960;175239;19/06/2020;66403.00;45.000;37
10109532066;127568;20/07/2020;69600.00;50.000;47
10649913940;191590;29/12/2023;82347.25;55.000;15
11412255523;195096;16/11/2020;131120.00;66.600;11
11838593501;141956;13/09/2022;60913.00;50.000;35
10056983878;165872;15/02/2022;71992.80;45.000;32
10770186829;131332;13/07/2022;58055.58;45.000;18
10118705026;113652;19/08/2023;70402.85;45.000;35
11701189560;123752;20/10/2023;54126.52;45.000;50
10809317621;187385;04/08/2020;51843.19;50.000;3
10286203372;101724;22/08/2021;111522.53;55.000;49
10515124743;192562;29/12/2022;68027.39;45.000;2
10869439924;180536;24/07/2020;24959.83;50.000;17
12010205564;190235;04/08/2022;71977.60;50.000;44
10986316689;103074;30/08/2022;60899.66;45.000;5
10698555156;129236;26/07/2022;53955.01;45.000;37
11187526646;164352;06/02/2022;26115.31;45.000;44
10094842044;186041;07/10/2022;73600.00;45.000;47
10606875501;142838;17/11/2022;66440.00;45.000;20
11880701108;165063;10/04/2021;24959.83;45.000;24
11741029405;152705;03/09/2022;109330.57;55.000;48
11055250942;120197;05/06/2021;20000.00;45.000;0
11598412550;178805;23/01/2023;84600.00;55.000;23
10901673823;108603;10/11/2022;65985.42;45.000;13
11844622734;104702;09/04/2020;102860.00;50.000;23
10801995330;132535;26/03/2024;61821.55;45.000;13
11190915541;102824;13/11/2023;111874.09;50.000;29
11551127764;184121;06/09/2020;36093.84;50.000;33
11783786319;143121;27/11/2020;127117.80;66.600;26
11193832177;140605;29/05/2020;24959.83;45.000;19
11710321415;113336;12/10/2020;134664.24;60.000;49
10558626326;108121;28/01/2020;80705.00;45.000;36
12005089884;160226;02/02/2023;61006.90;76.600;36
10054476021;168158;23/12/2020;66266.86;55.000;48
10726478171;155935;30/09/2022;65040.00;45.000;17
11703600508;184030;19/06/2023;105875.30;60.000;49
11348375910;174159;26/12/2020;36796.23;50.000;9
10009528015;114798;12/07/2020;83337.76;66.600;41
11288671277;116226;23/06/2022;55237.43;50.000;27
12053202210;161509;17/07/2022;54881.22;50.000;40
10640189146;144176;06/08/2020;71969.95;50.000;42
10703505062;185966;15/08/2023;60382.00;50.000;45
10675706914;138361;24/12/2023;58644.60;45.000;41
12036180400;153528;24/04/2022;76206.00;45.000;13
10422188312;184080;01/03/2020;67498.38;45.000;12
10642256169;108099;27/02/2021;82064.44;45.000;44
12076871654;197748;21/11/2020;72061.86;45.000;16
11011448951;123031;03/08/2023;115924.93;55.000;4
10976751615;112038;16/07/2021;131000.00;66.600;44
10208949219;112290;06/05/2021;57199.09;45.000;48
10188879532;156545;26/06/2021;95393.75;45.000;47
10782787091;135609;28/10/2023;53749.00;50.000;44
10378105733;187571;07/09/2020;80193.87;66.600;1
10044455371;182765;01/07/2022;70382.00;50.000;12
11238890497;151083;23/04/2022;72000.00;50.000;33
10725833544;194839;20/07/2020;79311.56;45.000;5
10531079021;125052;23/12/2020;23194.83;50.000;30
10159003846;115164;08/01/2023;54136.94;50.000;48
10318434052;165984;26/01/2021;99313.24;60.000;48
11447945662;187187;31/03/2021;62170.43;45.000;47
10953390764;146360;09/01/2020;25000.00;50.000;3
11395030470;197910;18/06/2023;67204.20;45.000;4
10782770779;151643;06/04/2024;66903.00;45.000;14
10271897356;199705;26/04/2021;79036.31;45.000;12
11963248441;165454;04/11/2020;55161.33;45.000;29
11784009853;144953;10/05/2024;83799.67;45.000;12
11002873292;110138;18/06/2023;69136.00;45.000;2
10599815358;106078;16/05/2022;94050.00;55.000;5
12031853091;156772;09/12/2023;69141.94;45.000;9
11288565891;193387;01/06/2024;66275.00;50.000;23
10585255009;176163;04/04/2020;70291.70;45.000;12
11647128708;171929;01/02/2023;88725.23;45.000;0
11159418768;152125;11/04/2021;42740.48;50.000;35
10843647731;159843;04/08/2023;47000.00;45.000;49
10374032133;178180;01/02/2020;62855.00;45.000;38
10400224082;123773;16/06/2022;59669.18;45.000;48
10428455715;127810;30/05/2024;62748.00;50.000;40
11723102808;188727;15/02/2022;39000.00;50.000;27
11933794072;120251;01/07/2022;54166.62;45.000;8
11420162453;118433;24/03/2024;84980.00;45.000;1
10854400994;125394;20/06/2022;69581.00;50.000;24
10088982800;150655;23/12/2021;86102.85;45.000;12
11682878989;144493;19/10/2021;67037.72;50.000;6
11111204805;166412;07/06/2023;59793.00;45.000;7
10793847185;199257;13/02/2023;62720.56;50.000;29
11803191230;119760;19/06/2020;40772.36;50.000;44
11004297571;179778;17/09/2020;24803.71;45.000;20
11149186703;106797;15/01/2020;52040.00;50.000;8
12071929366;135450;05/07/2022;71600.00;45.000;30
10530740197;134949;19/07/2023;74320.53;45.000;0
10399577495;177949;05/03/2022;73746.22;45.000;18
11314746041;141044;13/06/2020;86789.59;45.000;21
10670075646;166055;02/11/2022;75868.42;45.000;12
11605409338;121768;16/11/2023;81773.66;66.600;2
10539977047;169304;22/05/2023;48264.00;50.000;2
11228121654;109758;30/04/2020;85785.16;45.000;12
10315837752;146877;31/08/2023;91497.86;66.600;16
11607650004;105164;13/12/2020;119247.65;55.000;16
11263480887;145283;22/04/2021;49516.15;45.000;42
12039670370;127974;13/04/2024;69532.00;45.000;4
10771618962;108009;23/08/2020;49140.00;45.000;12
11255404273;137429;16/08/2023;73506.86;45.000;6
10487075409;119207;19/11/2021;24803.71;50.000;49
11214764032;173163;25/04/2022;86450.76;50.000;35
11167590832;112472;05/03/2023;58307.42;55.000;30
11345600681;144016;08/06/2023;57959.87;50.000;43
11231911566;176325;30/08/2021;81600.00;71.600;10
10777212229;111189;03/09/2020;102416.92;55.000;46
11670125587;187466;23/06/2023;88109.91;45.000;1
10594163538;143730;03/05/2021;59545.00;45.000;12
11515646035;157858;26/05/2024;94286.91;60.000;47
11160544568;127071;17/10/2020;56455.00;50.000;4
10826805934;144147;01/09/2020;69431.33;45.000;38
10600421626;189338;30/05/2023;101268.24;55.000;47
11508495914;162583;20/02/2022;69512.00;45.000;50
11923998696;168708;27/11/2021;84479.39;45.000;43
10550496690;184176;10/05/2022;74509.88;50.000;5
10935223546;174906;03/03/2020;50469.00;45.000;2
11585852531;153127;03/01/2024;73308.16;45.000;0
10121841387;141713;28/05/2022;23262.42;45.000;40
11193359370;104427;19/08/2020;69216.03;45.000;35
11165451214;167504;09/12/2023;62333.00;45.000;9
10052077883;104086;16/02/2022;80516.20;45.000;36
11570213486;104973;08/05/2022;62681.00;45.000;42
10780199615;151591;10/12/2021;69617.00;45.000;42
10296361990;100688;08/03/2022;23240.00;50.000;22
11760009615;117022;27/06/2023;66165.00;45.000;42
11671660570;132940;05/08/2020;88200.00;76.600;13
11787932729;119748;18/12/2022;55493.00;50.000;43
10708643295;125667;10/04/2023;83120.36;45.000;1
10378780004;175919;05/01/2024;35775.00;50.000;31
10606797549;163219;24/01/2021;79200.00;50.000;3
10648680625;149787;29/12/2022;94607.04;55.000;35
11527812398;152414;11/08/2021;29300.00;45.000;27
11992485353;175345;13/02/2020;67000.00;55.000;48
10370212774;140856;19/04/2022;47972.00;45.000;20
10474134514;160686;30/07/2021;39055.77;45.000;47
11871013481;113582;09/01/2021;42730.00;45.000;47
11580743651;123554;12/08/2021;71830.82;45.000;12
11889111624;135619;28/06/2022;60057.18;45.000;13
11203122855;176445;29/08/2022;88005.48;45.000;49
11666114324;109638;28/05/2022;71073.50;55.000;41
11465948917;107852;03/07/2022;98095.33;55.000;30
11810951096;127772;06/07/2021;80687.92;45.000;15
11000919926;174241;03/07/2023;45328.07;45.000;11
11380505081;120074;11/05/2024;69882.43;50.000;32
10340926567;130627;12/01/2022;52491.00;50.000;17
10941724511;141815;30/01/2021;71364.38;45.000;3
10272789164;116361;18/12/2021;103731.18;45.000;43
11036042024;181740;29/08/2021;51040.00;45.000;14
11991109082;126484;27/03/2021;51640.00;50.000;33
11066577761;182202;10/02/2021;49902.84;50.000;35
11217498812;124650;13/12/2021;83349.29;55.000;46
11972462344;139564;02/03/2022;98996.95;55.000;5
11749881957;175563;13/03/2022;96755.29;60.000;22
10807517006;184683;07/04/2020;81600.00;55.000;38
11652710778;103387;04/12/2020;55011.00;45.000;23
10184084244;171843;01/04/2022;61072.00;45.000;15
10227461600;139687;28/09/2021;93976.42;60.000;26
11279555495;175309;14/12/2020;64122.00;76.600;22
11635014699;108164;15/09/2023;87840.00;45.000;10
11321116271;174889;22/11/2020;70746.00;45.000;23
10578135579;188232;23/02/2022;66823.33;45.000;38
12092486768;155123;23/04/2022;69302.40;45.000;23
10074461284;100443;12/04/2024;85500.00;45.000;37
11031066971;166614;01/02/2022;43153.61;45.000;43
10882982308;190490;12/08/2022;100000.00;81.600;41
11761104869;166185;10/12/2021;63990.66;50.000;23
11977717184;126785;15/10/2022;88191.00;45.000;24
11771800874;118559;19/07/2021;60105.25;45.000;20
10265155834;117212;28/03/2020;67312.52;45.000;9
11812618862;129211;10/02/2021;76951.15;45.000;30
10509656755;160211;20/02/2020;84497.86;60.000;45
10194486002;184885;31/01/2023;54579.00;50.000;44
11571984403;173255;17/01/2020;57379.00;50.000;31
11054197838;132905;10/07/2021;66440.00;45.000;4
10065649775;146467;16/03/2024;80000.00;45.000;17
12095232080;106554;07/01/2021;74213.24;45.000;38
11470123731;147357;20/04/2023;82925.74;50.000;0
12039652024;187352;15/07/2023;92508.15;45.000;23
10347904300;178170;27/04/2023;78674.10;45.000;41
10871853339;142959;17/02/2024;94875.92;55.000;11
11641295892;159225;15/12/2022;82795.85;45.000;34
11882860409;104161;05/09/2023;57809.00;45.000;37
10341733768;198473;12/12/2020;37324.19;45.000;38
11848914797;185642;11/07/2020;48000.00;50.000;46
11114096861;166547;24/04/2024;74928.43;50.000;9
10627040382;159001;03/03/2020;62297.43;45.000;33
10254513954;175420;07/09/2021;61057.29;45.000;11
11717034950;129915;07/12/2020;103200.00;60.000;28
10711738374;141981;07/07/2023;89600.00;45.000;44
12102635894;190516;05/11/2023;62344.00;50.000;34
10161552587;151160;24/08/2021;67925.00;45.000;47
10894239430;152703;19/08/2020;88235.30;60.000;3
10154466724;101456;16/12/2020;74627.16;45.000;48
10923124684;158643;31/10/2021;60687.00;45.000;12
11174973352;166778;15/04/2023;82172.94;55.000;45
11653361153;199058;22/11/2023;72000.00;50.000;10
10120785829;149713;11/04/2023;73246.00;50.000;22
10750188779;158150;15/10/2023;75316.00;45.000;21
10856992441;129818;22/03/2024;43140.00;50.000;40
10489334895;190947;15/04/2021;54419.00;50.000;24
10660157378;191828;26/06/2023;65742.00;45.000;11
11395362688;180712;15/04/2024;48262.00;45.000;10
10445079086;147074;18/03/2020;70745.00;45.000;37
12014239177;189616;09/01/2020;59746.82;45.000;40
10409614167;155369;24/12/2020;43728.00;45.000;27
11968902881;168775;20/07/2022;73136.00;45.000;32
12059588821;101556;07/04/2021;34558.26;45.000;30
11249362611;151039;21/02/2023;42400.00;45.000;36
10797969789;184430;01/02/2020;90723.00;55.000;11
11188234287;124048;28/08/2022;79602.22;50.000;28
11656961195;100409;31/01/2024;65792.00;50.000;4
11166867816;171148;16/08/2022;140463.81;60.000;49
12032946946;191558;25/04/2021;77487.76;45.000;14
11893125174;152599;06/07/2022;66801.96;50.000;8
10536871506;141824;01/09/2021;51887.00;50.000;48
10551953026;165503;04/03/2021;53839.00;45.000;28
11789041532;167508;12/04/2021;50411.80;45.000;25
11252464458;174920;13/05/2020;72000.00;55.000;4
10285756086;102648;20/12/2021;62861.00;45.000;37
10656001593;190215;21/09/2021;95839.47;60.000;10
10811831963;119180;14/05/2022;64829.34;45.000;40
10853281439;128223;20/11/2021;76384.78;45.000;9
12110902832;166638;29/12/2020;89940.69;66.600;1
11551051859;101736;06/04/2020;64935.00;45.000;41
10204541011;177658;14/04/2022;73123.47;45.000;19
11034882570;172537;24/08/2020;94482.36;60.000;34
10028513223;134834;14/09/2022;32513.84;45.000;44
11713527399;140432;02/05/2023;70399.75;55.000;48
11889228707;116768;26/06/2021;31564.00;45.000;34
10628054107;116368;12/10/2023;84410.46;76.600;4
11595763914;103170;22/09/2020;63789.53;45.000;49
11614165873;127542;20/10/2020;46055.29;45.000;46
10398307641;198256;23/03/2024;71157.78;45.000;41
10505202213;162441;01/12/2023;105837.00;60.000;18
11974004058;143090;01/08/2020;72259.70;45.000;18
10489375980;180584;30/12/2021;71016.46;50.000;47
11049373570;164545;25/11/2020;109411.77;60.000;32
10093767620;192758;22/02/2022;57059.07;45.000;44
10505447543;151243;07/12/2020;70491.48;45.000;12
11628520399;102322;26/04/2024;79448.00;45.000;41
11496476067;135897;25/10/2022;61695.00;45.000;5
10544383451;100330;09/04/2024;100000.00;81.600;23
11280963245;197189;04/04/2022;43016.00;50.000;17
11033881364;188400;29/04/2021;23700.00;45.000;3
11061770703;169654;05/02/2020;77203.00;45.000;34
10511750503;133943;04/05/2023;52000.00;45.000;50
10987972050;198805;23/10/2021;34012.55;50.000;1
10720830996;140812;16/11/2023;83143.91;76.600;48
12096868999;178717;16/03/2023;39251.00;45.000;10
11651062068;162946;22/10/2022;43248.00;50.000;4
11436056580;168189;13/02/2021;62053.00;50.000;50
11043060412;113300;05/01/2021;103788.18;76.600;30
11367499852;128093;04/07/2022;80690.40;45.000;44
12046112357;133392;13/06/2023;88004.16;45.000;47
10084169863;168413;02/03/2023;58302.86;45.000;3
10507887549;121384;18/10/2022;98882.56;55.000;10
10909739451;175728;10/07/2020;83000.00;76.600;2
11912065055;123333;13/04/2023;57400.00;55.000;35
10201208296;158481;11/01/2022;61260.00;45.000;11
10637613878;124895;09/12/2022;160500.00;66.600;17
11312622206;145428;09/09/2021;43909.00;45.000;1
10047687144;158420;12/04/2024;69984.00;50.000;50
11296927893;133555;26/11/2022;100970.00;45.000;41
10247930268;107598;01/06/2023;37059.19;45.000;39
11661104118;159950;18/06/2021;55355.80;50.000;22
10733873440;190645;27/03/2023;73775.27;45.000;16
10506962309;159242;16/04/2021;51663.00;45.000;30
11211576203;169078;28/12/2021;83671.53;76.600;10
10226983337;135305;16/06/2020;49023.00;50.000;42
11583787332;152944;14/08/2023;67382.03;45.000;38
11218465543;113238;25/06/2022;58500.00;50.000;42
10254613326;115096;10/05/2023;30491.00;50.000;12
11837889035;100937;14/04/2021;94734.02;45.000;0
11988200323;158080;25/03/2022;106885.89;60.000;15
11776397890;109157;27/04/2023;95565.06;55.000;43
11784207760;156632;18/06/2020;26160.00;50.000;49
10602733117;152983;31/07/2020;67040.00;50.000;25
11695694296;150615;12/03/2023;65525.72;50.000;30
11544862716;174336;19/09/2021;70957.19;50.000;50
10732363393;185539;31/12/2022;67738.21;50.000;7
10261176132;122532;24/06/2020;92861.00;45.000;5
10955276079;168018;07/09/2020;60101.03;50.000;3
11293810652;108456;29/03/2021;84755.44;45.000;36
10111150328;196447;20/05/2021;91023.23;50.000;9
12052682004;168393;20/10/2023;53959.00;45.000;36
10051380475;164166;16/01/2024;100949.00;50.000;15
11736400040;149705;01/05/2022;20160.54;45.000;9
11662987066;157570;01/08/2020;82758.00;45.000;4
11950735369;117534;10/02/2022;67875.34;45.000;23
11297224535;186594;22/10/2023;89201.21;76.600;11
10369211524;105690;14/03/2023;69532.00;50.000;18
10068123246;159995;12/08/2021;72000.00;60.000;19
10539082296;165143;16/10/2020;56174.00;50.000;8
11407127516;189821;22/01/2020;67040.00;50.000;33
10744157418;149036;05/04/2021;54487.98;45.000;36
10103690678;133205;27/01/2023;63230.17;50.000;3
11973159754;101299;12/07/2022;70376.00;45.000;38
11384206725;132250;10/05/2021;60111.57;45.000;17
11862945952;122892;05/09/2022;42379.00;50.000;20
11825041440;101615;27/09/2022;78396.94;45.000;41
10490245670;109979;12/12/2020;87524.00;45.000;40
11461900297;134740;19/06/2021;82737.31;60.000;50
10101592928;182334;31/05/2022;114576.14;66.600;8
11281638729;135223;11/04/2020;93834.98;60.000;38
11725235493;129783;16/12/2022;77457.36;45.000;40
11864551427;193687;28/12/2020;66565.28;45.000;0
10839629015;105528;25/11/2021;89911.00;55.000;15
10830045189;144914;12/03/2020;50917.00;50.000;16
12009931426;125586;09/03/2024;96847.07;60.000;50
10678256335;175786;05/04/2021;64680.00;50.000;44
11568391366;194058;20/04/2024;24997.42;50.000;9
11780491420;115784;27/04/2024;64618.16;45.000;35
11811467644;183807;17/08/2021;67864.17;45.000;4
11615814382;151879;02/02/2024;113387.00;55.000;38
10512531283;141037;19/07/2021;87384.97;55.000;28
10731851425;142331;07/02/2021;63078.86;45.000;18
11880703378;139040;20/10/2021;57040.00;45.000;50
11954563398;124410;18/10/2022;76880.00;66.600;28
11359662076;114839;10/07/2022;72553.11;50.000;26
10114737502;191795;12/08/2020;84705.98;50.000;30
11369975073;186518;19/12/2021;79997.42;50.000;27
11107808162;151456;13/08/2021;100515.43;55.000;24
10183223114;193974;27/08/2020;53995.46;45.000;42
10765540292;149423;29/05/2021;58840.00;45.000;20
11523629031;109679;11/12/2021;89161.14;45.000;30
10025400420;180128;02/07/2022;46314.21;50.000;21
10352519416;184227;17/11/2022;87887.00;50.000;35
11327535192;107921;06/03/2024;86835.34;55.000;28
10456926377;183255;06/03/2021;80887.00;50.000;34
10698996191;159291;01/12/2020;76500.00;45.000;37
10233953480;186459;09/05/2024;66440.00;45.000;11
11988709636;157182;18/07/2023;82359.96;45.000;3
10449986260;125461;28/05/2023;41711.00;45.000;2
11220653197;127408;24/08/2023;67558.00;45.000;8
11442761974;159992;25/12/2022;59581.00;50.000;13
11918266752;184205;11/02/2023;76595.76;45.000;39
11162476173;155446;18/08/2020;57379.00;50.000;19
11941126394;190696;27/04/2024;63952.00;45.000;31
10749469759;104109;01/11/2022;89996.26;45.000;48
11721082580;104975;12/04/2022;58817.00;50.000;26
10012743826;133909;29/08/2022;50012.52;45.000;5
11002563958;159671;22/11/2020;67128.00;45.000;1
11652562454;101619;22/07/2022;34500.00;45.000;40
11634513553;148911;26/09/2022;62866.00;45.000;45
10690201828;139638;19/07/2020;102505.30;66.600;6
11603729286;156242;08/03/2021;13015.11;45.000;41
11628578157;159393;13/11/2022;67952.31;45.000;43
11330448530;107755;23/02/2020;54229.00;45.000;32
11438417987;146492;30/08/2021;72621.34;45.000;0
11866538763;168419;18/08/2022;54826.76;50.000;50
10782912268;143469;20/02/2020;62285.00;45.000;19
11674663758;127198;27/12/2020;59468.00;45.000;25
10550276746;103653;29/10/2023;55036.43;45.000;16
11772975486;180840;02/03/2021;67710.00;45.000;21
10277246256;198410;06/01/2023;72154.52;50.000;38
11784077044;185629;02/04/2022;73680.19;45.000;44
11989076217;137213;25/01/2022;84457.19;76.600;25
10876609601;145677;10/02/2022;83717.60;55.000;23
11068711372;138876;12/02/2023;85499.64;55.000;47
11558314009;128479;17/03/2021;58145.00;45.000;46
10964593040;183354;14/04/2022;71989.00;45.000;19
11520843567;100588;24/10/2023;71971.84;50.000;46
11750048418;176135;27/10/2021;53415.41;45.000;26
11433406391;173993;04/10/2022;113317.18;60.000;13
10813356190;101362;10/09/2023;70720.00;50.000;4
10544103619;140904;02/02/2021;45726.81;45.000;34
10114544040;140677;06/03/2021;67284.11;45.000;39
10359433564;111021;08/02/2022;73049.96;45.000;50
10836594428;147709;18/12/2020;63212.00;50.000;1
10512167688;174534;23/09/2022;83727.00;45.000;38
11936865979;130874;25/03/2020;36575.00;50.000;16
10411447282;189577;30/03/2024;29000.00;50.000;43
10717335655;155897;06/12/2020;33000.00;50.000;22
10548343264;133587;27/05/2020;43120.39;50.000;43
10762041340;115544;04/01/2023;73760.59;45.000;16
12101347288;194104;06/12/2020;67840.68;45.000;35
11176453914;122844;21/07/2020;71600.00;45.000;49
11546109695;107977;23/06/2022;64124.73;45.000;47
10308698887;157962;13/03/2020;57030.60;45.000;49
10104286081;147724;10/09/2023;56944.00;45.000;40
10891713517;128457;27/03/2020;73425.08;45.000;0
11958104680;129530;26/08/2023;78606.12;45.000;5
11350959170;168967;27/03/2022;61727.51;45.000;49
10437910391;178125;15/09/2020;55762.52;45.000;20
10248909616;125674;30/03/2022;37000.00;45.000;43
11721628402;162697;25/05/2023;61421.00;45.000;42
10766551682;103677;13/04/2022;67736.80;50.000;43
11367572604;176323;15/06/2021;53895.50;45.000;5
10620115201;183279;16/08/2020;30000.00;45.000;3
10616596313;155611;04/05/2020;65919.00;50.000;43
10975445219;128033;12/04/2020;58693.00;50.000;21
11378790152;131802;17/07/2022;68663.73;45.000;37
11942729777;171456;15/03/2023;35361.07;50.000;40
10224713179;171265;30/03/2021;70190.00;50.000;19
11670946805;161447;21/08/2023;39437.00;45.000;47
12094239993;162764;10/08/2023;75105.97;50.000;45
11539962836;187679;08/11/2021;78152.00;50.000;35
12099460271;184125;20/07/2020;84185.47;55.000;40
11848834438;132816;12/05/2021;71034.00;45.000;44
10896799184;197546;25/09/2023;51876.44;50.000;31
11366886619;162018;14/11/2023;63094.00;45.000;2
10365540122;123179;05/08/2023;80458.95;45.000;8
12067174506;191577;09/10/2023;66948.47;45.000;31
10192302213;199686;10/01/2021;45104.52;50.000;11
10929808364;197438;27/02/2022;72579.00;50.000;25
10496827767;193977;10/02/2021;87240.00;50.000;17
10440176626;174934;23/04/2023;14000.00;45.000;4
11638602655;111481;09/07/2023;65281.00;50.000;48
10448130204;183381;19/06/2022;54124.00;45.000;32
10643675880;171268;08/03/2024;35775.00;45.000;48
11678997208;183420;18/02/2020;76152.25;45.000;40
11111312610;115307;05/11/2021;37627.67;50.000;46
11926037811;154005;21/07/2021;52798.22;45.000;32
10305176494;153443;13/04/2023;71153.00;45.000;8
11238844282;104478;21/02/2022;41100.00;50.000;6
10496385239;105426;05/03/2024;38000.00;50.000;38
10935659693;176726;09/08/2022;85500.00;45.000;3
11791383839;104707;05/09/2022;72000.00;50.000;2
10112039453;193664;02/10/2020;69056.00;45.000;7
11235469954;107247;11/07/2021;84887.00;55.000;29
11725473228;162231;05/02/2023;105737.00;60.000;4
10815163733;102987;02/05/2021;50040.00;45.000;44
10236879292;128624;16/01/2021;76862.60;45.000;44
10019253232;112977;28/10/2021;83577.16;45.000;22
11739739586;189430;20/06/2022;94943.24;55.000;29
11756810888;145703;19/09/2023;44120.00;50.000;23
10962649730;107576;08/08/2022;28893.50;45.000;20
11439868624;158282;13/03/2021;71735.00;45.000;18
10009672262;121135;02/05/2024;69536.00;50.000;26
10447022324;157777;18/05/2023;52630.00;45.000;26
10599003881;171483;27/03/2020;70035.00;50.000;28
10946633554;140132;05/10/2020;89563.20;45.000;41
11850800132;169138;10/04/2024;91440.00;50.000;3
11339541913;153744;21/04/2024;49839.61;50.000;20
11352379142;191902;27/09/2022;72306.33;45.000;11
10404022141;149592;27/02/2023;70354.00;45.000;30
10861522773;151924;30/11/2021;117366.66;66.600;6
11015152848;117198;27/10/2021;89814.30;45.000;26
11103840853;154202;01/12/2022;91429.40;55.000;20
11522801546;123739;30/12/2020;84672.77;50.000;0
10248097803;168107;30/04/2023;23000.00;45.000;1
11617803746;141826;14/04/2021;78001.79;45.000;28
11699589868;172652;27/11/2020;64670.55;45.000;30
11086335230;168972;17/02/2020;80000.00;76.600;6
11136948820;131410;28/12/2020;78770.00;81.600;19
10438329189;130833;30/03/2024;48548.65;50.000;23
12021840556;122340;24/11/2021;77453.95;45.000;43
11947835321;163745;02/11/2020;102761.47;45.000;4
10590597068;152396;12/08/2021;94458.10;66.600;6
11708040903;145246;21/06/2022;54543.49;50.000;13
11328187444;154116;13/08/2020;43080.00;45.000;40
11345461623;171726;08/06/2022;83555.70;66.600;46
12060982366;171060;02/12/2020;66124.54;45.000;3
10475846112;192456;05/02/2021;81591.86;45.000;48
10716627825;189669;24/11/2022;45249.00;45.000;8
11109071007;161344;01/03/2024;69312.67;45.000;45
10850039905;148871;05/05/2023;74389.60;45.000;21
10069017479;182224;27/09/2021;71615.00;45.000;7
11942723692;166867;02/03/2024;89100.00;60.000;6
11230339648;116176;14/08/2021;54280.93;45.000;7
10124843493;161135;28/01/2022;98506.21;55.000;26
11787302479;153175;27/01/2021;54786.75;45.000;40
11322003512;126145;26/02/2024;71984.00;45.000;28
10597880416;147834;05/04/2024;85500.00;45.000;36
10302132557;183138;10/04/2020;73628.77;45.000;16
10204688646;128376;25/12/2022;24959.83;45.000;31
11480201782;178076;21/10/2021;81000.00;45.000;44
10919020094;194386;17/11/2023;47988.00;50.000;1
12108400995;134256;01/08/2022;101383.45;71.600;37
10593573755;160006;15/02/2020;67485.08;45.000;29
10274219475;125875;17/09/2020;84297.15;55.000;3
10755148274;185850;14/06/2021;65337.84;45.000;37
10711850751;114287;26/06/2021;43000.00;50.000;39
11183044499;108616;15/04/2020;61514.75;45.000;39
10636941084;188782;09/04/2024;87554.71;55.000;39
10674436810;137395;07/06/2021;69201.96;50.000;24
10575750211;159133;29/08/2023;95439.35;55.000;9
11100940196;100410;16/08/2020;59968.92;45.000;50
10013331260;160636;23/09/2021;81583.24;45.000;46
10335797594;144749;16/06/2020;64063.00;45.000;8
10254512289;173422;22/02/2021;58051.81;45.000;36
10975363906;188937;30/11/2023;71900.00;76.600;37
10781467587;191553;19/05/2022;56797.00;45.000;3
12124520216;191246;09/03/2021;72000.00;50.000;48
11971407074;172961;28/11/2021;55600.00;45.000;4
10147790877;101171;01/08/2023;28222.17;45.000;15
10092552420;178008;29/05/2024;66206.00;45.000;36
11736957819;166299;25/03/2020;87353.00;45.000;11
10016425030;133903;05/11/2022;66000.00;50.000;47
10008607156;159587;28/03/2020;49933.00;45.000;23
11912499634;110682;01/08/2021;55403.00;50.000;18
11445387737;105843;30/08/2022;57959.81;50.000;3
11201649577;149993;18/05/2020;68471.86;76.600;29
10942261977;121305;14/09/2023;63160.00;45.000;28
11387202356;102743;28/01/2024;92189.99;50.000;30
11049571363;148602;07/05/2024;82687.00;55.000;8
11145891476;199758;12/05/2023;71920.00;50.000;7
11194460656;181599;07/02/2022;65072.87;60.000;40
11702736145;118882;07/03/2023;77381.42;45.000;35
11091051841;180730;04/05/2020;82222.30;50.000;47
11738133252;125107;04/05/2023;56675.87;45.000;11
11797981446;159264;11/07/2023;71698.04;45.000;3
11951595752;185020;22/01/2021;50449.72;50.000;47
11328964672;177376;22/07/2023;66587.00;50.000;29
10452964710;130391;29/08/2021;64619.92;50.000;24
10289292702;110880;05/11/2023;76789.00;45.000;2
11398753148;141683;01/06/2021;64053.37;50.000;26
10249019437;108718;30/04/2023;56040.00;45.000;13
11987449032;122935;31/01/2021;47315.00;50.000;8
10075096949;175417;24/10/2021;107825.44;45.000;10
11926628859;142208;27/07/2023;80996.65;45.000;1
11923269654;138881;22/01/2024;70642.00;45.000;27
11450846223;130924;11/01/2024;70588.24;50.000;34
11411743655;182304;25/06/2022;48169.18;50.000;5
10866357716;125828;09/01/2021;64840.00;45.000;4
10177465468;127082;22/01/2022;71549.45;45.000;30
10096181680;198111;24/10/2021;117187.00;55.000;8
11542890702;110521;16/07/2020;96785.52;60.000;48
10063823898;166334;22/05/2020;66440.00;45.000;1
10119411368;131961;21/01/2024;92968.00;45.000;37
10534886027;149052;21/12/2023;39800.00;45.000;13
10374496918;183117;17/09/2022;58067.88;45.000;43
10037242964;195898;24/11/2022;88000.00;45.000;10
12073870649;183287;30/07/2020;76235.38;50.000;2
10008842544;124199;28/09/2021;65505.95;50.000;34
10060252819;127236;01/08/2022;81080.00;45.000;1
10624687348;172576;02/03/2020;99780.29;55.000;48
10289079905;109898;01/09/2022;74160.08;50.000;12
11795727451;185284;18/08/2021;45376.00;45.000;43
10465602859;131424;11/02/2020;47509.00;50.000;11
12081391764;147984;15/03/2024;64129.00;45.000;30
11548003563;138685;23/12/2023;46585.00;50.000;43
10249493655;122492;05/12/2020;36000.00;45.000;37
10523597738;147651;19/01/2023;53978.00;60.000;4
10410323001;179406;26/09/2023;39000.00;50.000;50
11489785580;193176;11/11/2022;60474.00;45.000;31
12095309936;125756;27/09/2021;97549.74;66.600;27
10523396148;140071;22/05/2021;75915.00;55.000;34
12117582315;126784;14/10/2022;70769.00;45.000;50
11263474881;136143;26/09/2022;111998.12;66.600;5
10582820253;191385;22/01/2023;99118.81;66.600;19
11091807212;161233;09/08/2020;29500.00;50.000;3
11771079831;172897;09/01/2020;71210.91;45.000;43
10467830357;149580;23/02/2021;68331.00;45.000;15
10707067629;128396;04/07/2021;58800.47;50.000;10
10008820553;170044;05/01/2023;95365.04;66.600;33
11554482116;102950;03/02/2024;68725.00;50.000;4
11658001933;145349;04/10/2021;77887.70;45.000;14
10005329594;130842;26/01/2020;28737.00;45.000;25
11254175108;185414;31/12/2020;66640.60;50.000;38
11592231676;102415;23/11/2022;48064.50;45.000;29
10539454669;101910;25/02/2021;68000.00;50.000;31
10278758930;116321;25/11/2020;73362.64;45.000;40
11220952301;124440;12/02/2021;109600.00;45.000;22
11675086193;162858;22/11/2022;131287.90;71.600;35
10268534824;133832;16/09/2022;101649.12;55.000;14
11072254755;124961;11/01/2024;94400.00;45.000;9
10543346205;125001;06/09/2023;80000.00;81.600;22
10712228099;112788;25/01/2021;86688.00;50.000;24
11422898239;170843;18/12/2020;89822.92;55.000;16
11186679628;118310;26/10/2023;50000.00;50.000;7
11864333980;138213;05/09/2022;74604.69;45.000;11
11843066591;199630;13/04/2020;80362.76;45.000;37
11826248725;145175;30/10/2021;100000.00;50.000;36
11282107087;195235;13/03/2023;94500.00;45.000;22
11908700336;120093;27/10/2021;36313.23;50.000;30
12099582728;182540;08/10/2022;57370.00;45.000;25
11561003176;147501;15/10/2022;72000.00;50.000;18
11914237412;101461;16/09/2022;81307.98;71.600;42
10711782177;179656;16/10/2021;43913.00;50.000;39
11976456136;132600;12/01/2022;59488.00;50.000;1
12125263506;186929;29/12/2023;72000.00;55.000;21
11201386082;185585;16/05/2023;93523.46;45.000;16
12097001017;106373;18/11/2022;140000.00;66.600;10
11457080949;128345;16/07/2022;99000.00;45.000;14
10416721810;133256;11/07/2023;70350.00;45.000;10
11643793169;165621;19/09/2022;72341.88;60.000;45
10582079190;199146;11/02/2024;115000.00;66.600;40
11987154754;169447;16/04/2024;66625.00;45.000;13
12144574784;179645;11/03/2024;78089.53;45.000;41
10316873627;110561;20/04/2023;108000.00;60.000;43
12028459796;125222;25/03/2021;28000.00;45.000;37
11483883362;173094;06/11/2022;112499.82;66.600;37
10513946519;178556;02/07/2021;42371.13;50.000;27
11462762383;160863;10/05/2024;76559.93;55.000;22
10656610029;175437;20/10/2021;23669.29;50.000;30
11332779429;190693;02/01/2022;62459.97;45.000;48
10585488862;103568;03/12/2020;104400.00;45.000;19
11249135277;143897;05/04/2022;69998.00;45.000;46
11008401119;199406;19/07/2022;89500.00;55.000;24
11452502601;174957;11/11/2023;76296.88;45.000;23
12094856129;125156;28/11/2020;44707.22;50.000;35
11144366857;115467;06/10/2023;131643.93;66.600;50
12014132440;112187;18/03/2023;53412.00;45.000;32
10964459393;155287;12/01/2021;75654.52;50.000;42
11224907257;170774;12/08/2020;61179.45;45.000;38
10633323025;130106;21/04/2022;112000.00;45.000;5
10434175289;114503;22/04/2021;70107.00;45.000;32
11726317327;138280;12/11/2023;103179.20;45.000;20
11945579951;132637;23/05/2022;82869.78;66.600;33
11836318571;128371;06/11/2023;64379.36;45.000;38
11081691529;126115;26/02/2023;50040.00;45.000;49
11947682783;117103;28/09/2023;59600.00;60.000;38
11997558432;183234;11/09/2023;80432.54;45.000;29
10774851385;167544;05/01/2023;62113.00;50.000;12
11823754332;158199;20/05/2024;45000.00;45.000;28
11941410975;186036;21/11/2022;44500.00;45.000;39
10761576242;165822;04/02/2024;61693.00;45.000;27
11902344472;180821;05/07/2021;50076.00;45.000;43
10191556369;162988;08/09/2022;76248.00;45.000;23
11618936446;102728;07/10/2023;89557.00;45.000;9
11127066686;192714;26/08/2023;75065.66;45.000;43
11763122548;167002;09/04/2020;38997.00;45.000;17
10287863647;149216;22/11/2020;28000.00;45.000;2
10410392414;105095;07/12/2022;40956.05;45.000;8
10769438033;189220;29/10/2021;81275.27;50.000;24
12106435530;111469;29/04/2023;59012.00;50.000;0
10870016676;118582;25/01/2023;77667.48;45.000;43
10441774147;161950;10/02/2023;41465.58;45.000;18
10937533913;127421;09/10/2022;41873.02;50.000;39
11449698939;104247;19/09/2020;69305.95;50.000;9
11044268932;194766;13/10/2023;51040.00;50.000;37
10768404170;158455;04/09/2022;86764.53;45.000;8
10621549617;109412;13/03/2022;70638.51;45.000;28
